,Timestamp,Prediction,Building 74 - kWh Total Electricity (kWh),1 Step Time Lag,2 Step Time Lag,3 Step Time Lag,4 Step Time Lag
4,2014-01-01 01:30:00,0.0,23.6175,24.95,24.1725,24.665,22.8125
5,2014-01-01 01:45:00,0.0,23.7425,23.6175,24.95,24.1725,24.665
6,2014-01-01 02:00:00,0.0,24.7725,23.7425,23.6175,24.95,24.1725
7,2014-01-01 02:15:00,0.0,23.4475,24.7725,23.7425,23.6175,24.95
8,2014-01-01 02:30:00,0.0,24.4975,23.4475,24.7725,23.7425,23.6175
9,2014-01-01 02:45:00,0.0,24.4175,24.4975,23.4475,24.7725,23.7425
10,2014-01-01 03:00:00,0.0,24.0475,24.4175,24.4975,23.4475,24.7725
11,2014-01-01 03:15:00,0.0,23.085,24.0475,24.4175,24.4975,23.4475
12,2014-01-01 03:30:00,0.0,23.775,23.085,24.0475,24.4175,24.4975
13,2014-01-01 03:45:00,0.0,24.9625,23.775,23.085,24.0475,24.4175
14,2014-01-01 04:00:00,0.0,24.4325,24.9625,23.775,23.085,24.0475
15,2014-01-01 04:15:00,0.0,24.9675,24.4325,24.9625,23.775,23.085
16,2014-01-01 04:30:00,0.0,22.835,24.9675,24.4325,24.9625,23.775
17,2014-01-01 04:45:00,0.0,23.2975,22.835,24.9675,24.4325,24.9625
18,2014-01-01 05:00:00,0.0,23.6625,23.2975,22.835,24.9675,24.4325
19,2014-01-01 05:15:00,0.0,24.4225,23.6625,23.2975,22.835,24.9675
20,2014-01-01 05:30:00,0.0,21.91,24.4225,23.6625,23.2975,22.835
21,2014-01-01 05:45:00,0.0,24.285,21.91,24.4225,23.6625,23.2975
22,2014-01-01 06:00:00,0.0,25.43,24.285,21.91,24.4225,23.6625
23,2014-01-01 06:15:00,0.0,28.485,25.43,24.285,21.91,24.4225
24,2014-01-01 06:30:00,0.0,29.5975,28.485,25.43,24.285,21.91
25,2014-01-01 06:45:00,0.0,28.3825,29.5975,28.485,25.43,24.285
26,2014-01-01 07:00:00,0.0,26.8075,28.3825,29.5975,28.485,25.43
27,2014-01-01 07:15:00,0.0,27.91,26.8075,28.3825,29.5975,28.485
28,2014-01-01 07:30:00,0.0,24.0575,27.91,26.8075,28.3825,29.5975
29,2014-01-01 07:45:00,0.0,27.73,24.0575,27.91,26.8075,28.3825
30,2014-01-01 08:00:00,0.0,27.0,27.73,24.0575,27.91,26.8075
31,2014-01-01 08:15:00,0.0,23.1375,27.0,27.73,24.0575,27.91
32,2014-01-01 08:30:00,0.0,25.1075,23.1375,27.0,27.73,24.0575
33,2014-01-01 08:45:00,0.0,25.8025,25.1075,23.1375,27.0,27.73
34,2014-01-01 09:00:00,0.0,25.06,25.8025,25.1075,23.1375,27.0
35,2014-01-01 09:15:00,0.0,26.28,25.06,25.8025,25.1075,23.1375
36,2014-01-01 09:30:00,0.0,25.925,26.28,25.06,25.8025,25.1075
37,2014-01-01 09:45:00,0.0,24.61,25.925,26.28,25.06,25.8025
38,2014-01-01 10:00:00,0.0,24.9825,24.61,25.925,26.28,25.06
39,2014-01-01 10:15:00,0.0,22.2525,24.9825,24.61,25.925,26.28
40,2014-01-01 10:30:00,0.0,25.0875,22.2525,24.9825,24.61,25.925
41,2014-01-01 10:45:00,0.0,25.4825,25.0875,22.2525,24.9825,24.61
42,2014-01-01 11:00:00,0.0,22.925,25.4825,25.0875,22.2525,24.9825
43,2014-01-01 11:15:00,0.0,25.445,22.925,25.4825,25.0875,22.2525
44,2014-01-01 11:30:00,0.0,24.8875,25.445,22.925,25.4825,25.0875
45,2014-01-01 11:45:00,0.0,24.8825,24.8875,25.445,22.925,25.4825
46,2014-01-01 12:00:00,0.0,24.02,24.8825,24.8875,25.445,22.925
47,2014-01-01 12:15:00,0.0,25.7,24.02,24.8825,24.8875,25.445
48,2014-01-01 12:30:00,0.0,26.5425,25.7,24.02,24.8825,24.8875
49,2014-01-01 12:45:00,0.0,25.5625,26.5425,25.7,24.02,24.8825
50,2014-01-01 13:00:00,0.0,26.1475,25.5625,26.5425,25.7,24.02
51,2014-01-01 13:15:00,0.0,24.935,26.1475,25.5625,26.5425,25.7
52,2014-01-01 13:30:00,0.0,24.165,24.935,26.1475,25.5625,26.5425
53,2014-01-01 13:45:00,0.0,23.225,24.165,24.935,26.1475,25.5625
54,2014-01-01 14:00:00,0.0,25.1675,23.225,24.165,24.935,26.1475
55,2014-01-01 14:15:00,0.0,23.135,25.1675,23.225,24.165,24.935
56,2014-01-01 14:30:00,0.0,25.385,23.135,25.1675,23.225,24.165
57,2014-01-01 14:45:00,0.0,26.2875,25.385,23.135,25.1675,23.225
58,2014-01-01 15:00:00,0.0,23.7575,26.2875,25.385,23.135,25.1675
59,2014-01-01 15:15:00,0.0,24.695,23.7575,26.2875,25.385,23.135
60,2014-01-01 15:30:00,0.0,22.01,24.695,23.7575,26.2875,25.385
61,2014-01-01 15:45:00,0.0,23.8125,22.01,24.695,23.7575,26.2875
62,2014-01-01 16:00:00,0.0,23.6225,23.8125,22.01,24.695,23.7575
63,2014-01-01 16:15:00,0.0,24.575,23.6225,23.8125,22.01,24.695
64,2014-01-01 16:30:00,0.0,23.795,24.575,23.6225,23.8125,22.01
65,2014-01-01 16:45:00,0.0,25.895,23.795,24.575,23.6225,23.8125
66,2014-01-01 17:00:00,0.0,24.6225,25.895,23.795,24.575,23.6225
67,2014-01-01 17:15:00,0.0,24.65,24.6225,25.895,23.795,24.575
68,2014-01-01 17:30:00,0.0,25.88,24.65,24.6225,25.895,23.795
69,2014-01-01 17:45:00,0.0,25.3825,25.88,24.65,24.6225,25.895
70,2014-01-01 18:00:00,0.0,26.23,25.3825,25.88,24.65,24.6225
71,2014-01-01 18:15:00,0.0,25.645,26.23,25.3825,25.88,24.65
72,2014-01-01 18:30:00,0.0,25.295,25.645,26.23,25.3825,25.88
73,2014-01-01 18:45:00,0.0,24.7225,25.295,25.645,26.23,25.3825
74,2014-01-01 19:00:00,0.0,24.18,24.7225,25.295,25.645,26.23
75,2014-01-01 19:15:00,0.0,22.6425,24.18,24.7225,25.295,25.645
76,2014-01-01 19:30:00,0.0,22.885,22.6425,24.18,24.7225,25.295
77,2014-01-01 19:45:00,0.0,25.5725,22.885,22.6425,24.18,24.7225
78,2014-01-01 20:00:00,0.0,26.6625,25.5725,22.885,22.6425,24.18
79,2014-01-01 20:15:00,0.0,24.8875,26.6625,25.5725,22.885,22.6425
80,2014-01-01 20:30:00,0.0,24.3025,24.8875,26.6625,25.5725,22.885
81,2014-01-01 20:45:00,0.0,25.105,24.3025,24.8875,26.6625,25.5725
82,2014-01-01 21:00:00,0.0,24.3775,25.105,24.3025,24.8875,26.6625
83,2014-01-01 21:15:00,0.0,25.24,24.3775,25.105,24.3025,24.8875
84,2014-01-01 21:30:00,0.0,25.26,25.24,24.3775,25.105,24.3025
85,2014-01-01 21:45:00,0.0,26.09,25.26,25.24,24.3775,25.105
86,2014-01-01 22:00:00,0.0,24.97,26.09,25.26,25.24,24.3775
87,2014-01-01 22:15:00,0.0,22.9475,24.97,26.09,25.26,25.24
88,2014-01-01 22:30:00,0.0,23.4125,22.9475,24.97,26.09,25.26
89,2014-01-01 22:45:00,0.0,24.5125,23.4125,22.9475,24.97,26.09
90,2014-01-01 23:00:00,0.0,23.82,24.5125,23.4125,22.9475,24.97
91,2014-01-01 23:15:00,0.0,25.6825,23.82,24.5125,23.4125,22.9475
92,2014-01-01 23:30:00,0.0,23.0175,25.6825,23.82,24.5125,23.4125
93,2014-01-01 23:45:00,0.0,24.42,23.0175,25.6825,23.82,24.5125
94,2014-01-02 00:00:00,0.0,23.255,24.42,23.0175,25.6825,23.82
95,2014-01-02 00:15:00,0.0,22.455,23.255,24.42,23.0175,25.6825
96,2014-01-02 00:30:00,0.0,23.3625,22.455,23.255,24.42,23.0175
97,2014-01-02 00:45:00,0.0,24.9425,23.3625,22.455,23.255,24.42
98,2014-01-02 01:00:00,0.0,24.44,24.9425,23.3625,22.455,23.255
99,2014-01-02 01:15:00,0.0,23.2275,24.44,24.9425,23.3625,22.455
100,2014-01-02 01:30:00,0.0,23.2275,23.2275,24.44,24.9425,23.3625
101,2014-01-02 01:45:00,0.0,21.64,23.2275,23.2275,24.44,24.9425
102,2014-01-02 02:00:00,0.0,24.2075,21.64,23.2275,23.2275,24.44
103,2014-01-02 02:15:00,0.0,21.9825,24.2075,21.64,23.2275,23.2275
104,2014-01-02 02:30:00,0.0,25.0175,21.9825,24.2075,21.64,23.2275
105,2014-01-02 02:45:00,0.0,24.665,25.0175,21.9825,24.2075,21.64
106,2014-01-02 03:00:00,0.0,23.2375,24.665,25.0175,21.9825,24.2075
107,2014-01-02 03:15:00,0.0,23.175,23.2375,24.665,25.0175,21.9825
108,2014-01-02 03:30:00,0.0,24.1625,23.175,23.2375,24.665,25.0175
109,2014-01-02 03:45:00,0.0,24.88,24.1625,23.175,23.2375,24.665
110,2014-01-02 04:00:00,0.0,25.7725,24.88,24.1625,23.175,23.2375
111,2014-01-02 04:15:00,0.0,22.43,25.7725,24.88,24.1625,23.175
112,2014-01-02 04:30:00,0.0,22.125,22.43,25.7725,24.88,24.1625
113,2014-01-02 04:45:00,0.0,24.2825,22.125,22.43,25.7725,24.88
114,2014-01-02 05:00:00,0.0,23.7775,24.2825,22.125,22.43,25.7725
115,2014-01-02 05:15:00,0.0,24.035,23.7775,24.2825,22.125,22.43
116,2014-01-02 05:30:00,0.0,21.94,24.035,23.7775,24.2825,22.125
117,2014-01-02 05:45:00,0.0,26.43,21.94,24.035,23.7775,24.2825
118,2014-01-02 06:00:00,0.0,25.345,26.43,21.94,24.035,23.7775
119,2014-01-02 06:15:00,0.0,27.17,25.345,26.43,21.94,24.035
120,2014-01-02 06:30:00,0.0,29.195,27.17,25.345,26.43,21.94
121,2014-01-02 06:45:00,0.0,29.055,29.195,27.17,25.345,26.43
122,2014-01-02 07:00:00,0.0,28.1225,29.055,29.195,27.17,25.345
123,2014-01-02 07:15:00,0.0,28.645,28.1225,29.055,29.195,27.17
124,2014-01-02 07:30:00,0.0,29.8625,28.645,28.1225,29.055,29.195
125,2014-01-02 07:45:00,0.0,27.425,29.8625,28.645,28.1225,29.055
126,2014-01-02 08:00:00,0.0,27.8775,27.425,29.8625,28.645,28.1225
127,2014-01-02 08:15:00,0.0,27.51,27.8775,27.425,29.8625,28.645
128,2014-01-02 08:30:00,0.0,27.4625,27.51,27.8775,27.425,29.8625
129,2014-01-02 08:45:00,0.0,31.1975,27.4625,27.51,27.8775,27.425
130,2014-01-02 09:00:00,0.0,29.515,31.1975,27.4625,27.51,27.8775
131,2014-01-02 09:15:00,0.0,28.475,29.515,31.1975,27.4625,27.51
132,2014-01-02 09:30:00,0.0,30.565,28.475,29.515,31.1975,27.4625
133,2014-01-02 09:45:00,0.0,30.7075,30.565,28.475,29.515,31.1975
134,2014-01-02 10:00:00,0.0,30.3475,30.7075,30.565,28.475,29.515
135,2014-01-02 10:15:00,0.0,30.03,30.3475,30.7075,30.565,28.475
136,2014-01-02 10:30:00,0.0,29.165,30.03,30.3475,30.7075,30.565
137,2014-01-02 10:45:00,0.0,32.09,29.165,30.03,30.3475,30.7075
138,2014-01-02 11:00:00,0.0,30.1875,32.09,29.165,30.03,30.3475
139,2014-01-02 11:15:00,0.0,32.1325,30.1875,32.09,29.165,30.03
140,2014-01-02 11:30:00,0.0,32.135,32.1325,30.1875,32.09,29.165
141,2014-01-02 11:45:00,0.0,33.5025,32.135,32.1325,30.1875,32.09
142,2014-01-02 12:00:00,0.0,31.05,33.5025,32.135,32.1325,30.1875
143,2014-01-02 12:15:00,0.0,29.8875,31.05,33.5025,32.135,32.1325
144,2014-01-02 12:30:00,0.0,32.8875,29.8875,31.05,33.5025,32.135
145,2014-01-02 12:45:00,0.0,31.765,32.8875,29.8875,31.05,33.5025
146,2014-01-02 13:00:00,0.0,30.235,31.765,32.8875,29.8875,31.05
147,2014-01-02 13:15:00,0.0,28.8875,30.235,31.765,32.8875,29.8875
148,2014-01-02 13:30:00,0.0,29.15,28.8875,30.235,31.765,32.8875
149,2014-01-02 13:45:00,0.0,33.755,29.15,28.8875,30.235,31.765
150,2014-01-02 14:00:00,0.0,35.9925,33.755,29.15,28.8875,30.235
151,2014-01-02 14:15:00,0.0,34.5375,35.9925,33.755,29.15,28.8875
152,2014-01-02 14:30:00,0.0,34.91,34.5375,35.9925,33.755,29.15
153,2014-01-02 14:45:00,0.0,35.8275,34.91,34.5375,35.9925,33.755
154,2014-01-02 15:00:00,0.0,32.4625,35.8275,34.91,34.5375,35.9925
155,2014-01-02 15:15:00,0.0,32.62,32.4625,35.8275,34.91,34.5375
156,2014-01-02 15:30:00,0.0,30.5725,32.62,32.4625,35.8275,34.91
157,2014-01-02 15:45:00,0.0,29.9825,30.5725,32.62,32.4625,35.8275
158,2014-01-02 16:00:00,0.0,31.3125,29.9825,30.5725,32.62,32.4625
159,2014-01-02 16:15:00,0.0,28.6425,31.3125,29.9825,30.5725,32.62
160,2014-01-02 16:30:00,0.0,31.6575,28.6425,31.3125,29.9825,30.5725
161,2014-01-02 16:45:00,0.0,32.7125,31.6575,28.6425,31.3125,29.9825
162,2014-01-02 17:00:00,0.0,32.115,32.7125,31.6575,28.6425,31.3125
163,2014-01-02 17:15:00,0.0,31.6575,32.115,32.7125,31.6575,28.6425
164,2014-01-02 17:30:00,0.0,29.3325,31.6575,32.115,32.7125,31.6575
165,2014-01-02 17:45:00,0.0,30.6825,29.3325,31.6575,32.115,32.7125
166,2014-01-02 18:00:00,0.0,27.7225,30.6825,29.3325,31.6575,32.115
167,2014-01-02 18:15:00,0.0,26.4125,27.7225,30.6825,29.3325,31.6575
168,2014-01-02 18:30:00,0.0,28.1875,26.4125,27.7225,30.6825,29.3325
169,2014-01-02 18:45:00,0.0,28.8125,28.1875,26.4125,27.7225,30.6825
170,2014-01-02 19:00:00,0.0,28.6175,28.8125,28.1875,26.4125,27.7225
171,2014-01-02 19:15:00,0.0,26.9625,28.6175,28.8125,28.1875,26.4125
172,2014-01-02 19:30:00,0.0,25.08,26.9625,28.6175,28.8125,28.1875
173,2014-01-02 19:45:00,0.0,27.845,25.08,26.9625,28.6175,28.8125
174,2014-01-02 20:00:00,0.0,27.6475,27.845,25.08,26.9625,28.6175
175,2014-01-02 20:15:00,0.0,24.17,27.6475,27.845,25.08,26.9625
176,2014-01-02 20:30:00,0.0,26.9075,24.17,27.6475,27.845,25.08
177,2014-01-02 20:45:00,0.0,29.355,26.9075,24.17,27.6475,27.845
178,2014-01-02 21:00:00,0.0,26.93,29.355,26.9075,24.17,27.6475
179,2014-01-02 21:15:00,0.0,24.5625,26.93,29.355,26.9075,24.17
180,2014-01-02 21:30:00,0.0,25.5725,24.5625,26.93,29.355,26.9075
181,2014-01-02 21:45:00,0.0,26.0375,25.5725,24.5625,26.93,29.355
182,2014-01-02 22:00:00,0.0,26.2675,26.0375,25.5725,24.5625,26.93
183,2014-01-02 22:15:00,0.0,24.6475,26.2675,26.0375,25.5725,24.5625
184,2014-01-02 22:30:00,0.0,26.11,24.6475,26.2675,26.0375,25.5725
185,2014-01-02 22:45:00,0.0,24.8375,26.11,24.6475,26.2675,26.0375
186,2014-01-02 23:00:00,0.0,22.7725,24.8375,26.11,24.6475,26.2675
187,2014-01-02 23:15:00,0.0,23.9475,22.7725,24.8375,26.11,24.6475
188,2014-01-02 23:30:00,0.0,23.8775,23.9475,22.7725,24.8375,26.11
189,2014-01-02 23:45:00,0.0,24.245,23.8775,23.9475,22.7725,24.8375
190,2014-01-03 00:00:00,0.0,22.955,24.245,23.8775,23.9475,22.7725
191,2014-01-03 00:15:00,0.0,24.66,22.955,24.245,23.8775,23.9475
192,2014-01-03 00:30:00,0.0,23.1775,24.66,22.955,24.245,23.8775
193,2014-01-03 00:45:00,0.0,22.47,23.1775,24.66,22.955,24.245
194,2014-01-03 01:00:00,0.0,23.105,22.47,23.1775,24.66,22.955
195,2014-01-03 01:15:00,0.0,21.555,23.105,22.47,23.1775,24.66
196,2014-01-03 01:30:00,0.0,23.905,21.555,23.105,22.47,23.1775
197,2014-01-03 01:45:00,0.0,25.2675,23.905,21.555,23.105,22.47
198,2014-01-03 02:00:00,0.0,24.405,25.2675,23.905,21.555,23.105
199,2014-01-03 02:15:00,0.0,23.1575,24.405,25.2675,23.905,21.555
200,2014-01-03 02:30:00,0.0,23.6175,23.1575,24.405,25.2675,23.905
201,2014-01-03 02:45:00,0.0,25.3625,23.6175,23.1575,24.405,25.2675
202,2014-01-03 03:00:00,0.0,22.4225,25.3625,23.6175,23.1575,24.405
203,2014-01-03 03:15:00,0.0,22.9625,22.4225,25.3625,23.6175,23.1575
204,2014-01-03 03:30:00,0.0,24.305,22.9625,22.4225,25.3625,23.6175
205,2014-01-03 03:45:00,0.0,23.4075,24.305,22.9625,22.4225,25.3625
206,2014-01-03 04:00:00,0.0,25.57,23.4075,24.305,22.9625,22.4225
207,2014-01-03 04:15:00,0.0,23.1925,25.57,23.4075,24.305,22.9625
208,2014-01-03 04:30:00,0.0,25.32,23.1925,25.57,23.4075,24.305
209,2014-01-03 04:45:00,0.0,25.0075,25.32,23.1925,25.57,23.4075
210,2014-01-03 05:00:00,0.0,25.295,25.0075,25.32,23.1925,25.57
211,2014-01-03 05:15:00,0.0,25.8475,25.295,25.0075,25.32,23.1925
212,2014-01-03 05:30:00,0.0,24.795,25.8475,25.295,25.0075,25.32
213,2014-01-03 05:45:00,0.0,25.555,24.795,25.8475,25.295,25.0075
214,2014-01-03 06:00:00,0.0,25.53,25.555,24.795,25.8475,25.295
215,2014-01-03 06:15:00,0.0,28.7975,25.53,25.555,24.795,25.8475
216,2014-01-03 06:30:00,0.0,31.2775,28.7975,25.53,25.555,24.795
217,2014-01-03 06:45:00,0.0,27.965,31.2775,28.7975,25.53,25.555
218,2014-01-03 07:00:00,0.0,28.045,27.965,31.2775,28.7975,25.53
219,2014-01-03 07:15:00,0.0,26.8075,28.045,27.965,31.2775,28.7975
220,2014-01-03 07:30:00,0.0,27.325,26.8075,28.045,27.965,31.2775
221,2014-01-03 07:45:00,0.0,29.5875,27.325,26.8075,28.045,27.965
222,2014-01-03 08:00:00,0.0,28.49,29.5875,27.325,26.8075,28.045
223,2014-01-03 08:15:00,0.0,29.115,28.49,29.5875,27.325,26.8075
224,2014-01-03 08:30:00,0.0,29.1375,29.115,28.49,29.5875,27.325
225,2014-01-03 08:45:00,0.0,26.99,29.1375,29.115,28.49,29.5875
226,2014-01-03 09:00:00,0.0,29.41,26.99,29.1375,29.115,28.49
227,2014-01-03 09:15:00,0.0,29.0675,29.41,26.99,29.1375,29.115
228,2014-01-03 09:30:00,0.0,27.2625,29.0675,29.41,26.99,29.1375
229,2014-01-03 09:45:00,0.0,30.035,27.2625,29.0675,29.41,26.99
230,2014-01-03 10:00:00,0.0,32.485,30.035,27.2625,29.0675,29.41
231,2014-01-03 10:15:00,0.0,29.34,32.485,30.035,27.2625,29.0675
232,2014-01-03 10:30:00,0.0,30.6775,29.34,32.485,30.035,27.2625
233,2014-01-03 10:45:00,0.0,31.415,30.6775,29.34,32.485,30.035
234,2014-01-03 11:00:00,0.0,29.89,31.415,30.6775,29.34,32.485
235,2014-01-03 11:15:00,0.0,28.85,29.89,31.415,30.6775,29.34
236,2014-01-03 11:30:00,0.0,31.2475,28.85,29.89,31.415,30.6775
237,2014-01-03 11:45:00,0.0,30.895,31.2475,28.85,29.89,31.415
238,2014-01-03 12:00:00,0.0,33.3125,30.895,31.2475,28.85,29.89
239,2014-01-03 12:15:00,0.0,30.56,33.3125,30.895,31.2475,28.85
240,2014-01-03 12:30:00,0.0,30.9075,30.56,33.3125,30.895,31.2475
241,2014-01-03 12:45:00,0.0,32.5075,30.9075,30.56,33.3125,30.895
242,2014-01-03 13:00:00,0.0,30.5975,32.5075,30.9075,30.56,33.3125
243,2014-01-03 13:15:00,0.0,34.06,30.5975,32.5075,30.9075,30.56
244,2014-01-03 13:30:00,0.0,34.6175,34.06,30.5975,32.5075,30.9075
245,2014-01-03 13:45:00,0.0,34.8725,34.6175,34.06,30.5975,32.5075
246,2014-01-03 14:00:00,0.0,32.715,34.8725,34.6175,34.06,30.5975
247,2014-01-03 14:15:00,0.0,35.38,32.715,34.8725,34.6175,34.06
248,2014-01-03 14:30:00,0.0,33.205,35.38,32.715,34.8725,34.6175
249,2014-01-03 14:45:00,0.0,35.5225,33.205,35.38,32.715,34.8725
250,2014-01-03 15:00:00,0.0,33.8725,35.5225,33.205,35.38,32.715
251,2014-01-03 15:15:00,0.0,33.5275,33.8725,35.5225,33.205,35.38
252,2014-01-03 15:30:00,0.0,34.1475,33.5275,33.8725,35.5225,33.205
253,2014-01-03 15:45:00,0.0,33.1,34.1475,33.5275,33.8725,35.5225
254,2014-01-03 16:00:00,0.0,31.1425,33.1,34.1475,33.5275,33.8725
255,2014-01-03 16:15:00,0.0,30.3375,31.1425,33.1,34.1475,33.5275
256,2014-01-03 16:30:00,0.0,30.525,30.3375,31.1425,33.1,34.1475
257,2014-01-03 16:45:00,0.0,31.83,30.525,30.3375,31.1425,33.1
258,2014-01-03 17:00:00,0.0,29.165,31.83,30.525,30.3375,31.1425
259,2014-01-03 17:15:00,0.0,28.875,29.165,31.83,30.525,30.3375
260,2014-01-03 17:30:00,0.0,29.565,28.875,29.165,31.83,30.525
261,2014-01-03 17:45:00,0.0,32.09,29.565,28.875,29.165,31.83
262,2014-01-03 18:00:00,0.0,28.7075,32.09,29.565,28.875,29.165
263,2014-01-03 18:15:00,0.0,28.0975,28.7075,32.09,29.565,28.875
264,2014-01-03 18:30:00,0.0,25.835,28.0975,28.7075,32.09,29.565
265,2014-01-03 18:45:00,0.0,25.28,25.835,28.0975,28.7075,32.09
266,2014-01-03 19:00:00,0.0,26.625,25.28,25.835,28.0975,28.7075
267,2014-01-03 19:15:00,0.0,26.5775,26.625,25.28,25.835,28.0975
268,2014-01-03 19:30:00,0.0,27.06,26.5775,26.625,25.28,25.835
269,2014-01-03 19:45:00,0.0,25.465,27.06,26.5775,26.625,25.28
270,2014-01-03 20:00:00,0.0,27.445,25.465,27.06,26.5775,26.625
271,2014-01-03 20:15:00,0.0,25.1775,27.445,25.465,27.06,26.5775
272,2014-01-03 20:30:00,0.0,26.0775,25.1775,27.445,25.465,27.06
273,2014-01-03 20:45:00,0.0,27.6175,26.0775,25.1775,27.445,25.465
274,2014-01-03 21:00:00,0.0,25.925,27.6175,26.0775,25.1775,27.445
275,2014-01-03 21:15:00,0.0,26.3475,25.925,27.6175,26.0775,25.1775
276,2014-01-03 21:30:00,0.0,26.37,26.3475,25.925,27.6175,26.0775
277,2014-01-03 21:45:00,0.0,26.08,26.37,26.3475,25.925,27.6175
278,2014-01-03 22:00:00,0.0,23.8525,26.08,26.37,26.3475,25.925
279,2014-01-03 22:15:00,0.0,24.68,23.8525,26.08,26.37,26.3475
280,2014-01-03 22:30:00,0.0,23.83,24.68,23.8525,26.08,26.37
281,2014-01-03 22:45:00,0.0,24.11,23.83,24.68,23.8525,26.08
282,2014-01-03 23:00:00,0.0,24.6625,24.11,23.83,24.68,23.8525
283,2014-01-03 23:15:00,0.0,23.875,24.6625,24.11,23.83,24.68
284,2014-01-03 23:30:00,0.0,23.34,23.875,24.6625,24.11,23.83
285,2014-01-03 23:45:00,0.0,24.5925,23.34,23.875,24.6625,24.11
286,2014-01-04 00:00:00,0.0,25.095,24.5925,23.34,23.875,24.6625
287,2014-01-04 00:15:00,0.0,25.025,25.095,24.5925,23.34,23.875
288,2014-01-04 00:30:00,0.0,24.1275,25.025,25.095,24.5925,23.34
289,2014-01-04 00:45:00,0.0,24.5775,24.1275,25.025,25.095,24.5925
290,2014-01-04 01:00:00,0.0,23.87,24.5775,24.1275,25.025,25.095
291,2014-01-04 01:15:00,0.0,23.7125,23.87,24.5775,24.1275,25.025
292,2014-01-04 01:30:00,0.0,24.5175,23.7125,23.87,24.5775,24.1275
293,2014-01-04 01:45:00,0.0,25.835,24.5175,23.7125,23.87,24.5775
294,2014-01-04 02:00:00,0.0,25.255,25.835,24.5175,23.7125,23.87
295,2014-01-04 02:15:00,0.0,23.95,25.255,25.835,24.5175,23.7125
296,2014-01-04 02:30:00,0.0,24.21,23.95,25.255,25.835,24.5175
297,2014-01-04 02:45:00,0.0,24.835,24.21,23.95,25.255,25.835
298,2014-01-04 03:00:00,0.0,23.7125,24.835,24.21,23.95,25.255
299,2014-01-04 03:15:00,0.0,25.1925,23.7125,24.835,24.21,23.95
300,2014-01-04 03:30:00,0.0,24.15,25.1925,23.7125,24.835,24.21
301,2014-01-04 03:45:00,0.0,23.3425,24.15,25.1925,23.7125,24.835
302,2014-01-04 04:00:00,0.0,25.23,23.3425,24.15,25.1925,23.7125
303,2014-01-04 04:15:00,0.0,23.7475,25.23,23.3425,24.15,25.1925
304,2014-01-04 04:30:00,0.0,24.5575,23.7475,25.23,23.3425,24.15
305,2014-01-04 04:45:00,0.0,23.545,24.5575,23.7475,25.23,23.3425
306,2014-01-04 05:00:00,0.0,25.17,23.545,24.5575,23.7475,25.23
307,2014-01-04 05:15:00,0.0,24.9375,25.17,23.545,24.5575,23.7475
308,2014-01-04 05:30:00,0.0,24.8625,24.9375,25.17,23.545,24.5575
309,2014-01-04 05:45:00,0.0,23.1775,24.8625,24.9375,25.17,23.545
310,2014-01-04 06:00:00,0.0,23.89,23.1775,24.8625,24.9375,25.17
311,2014-01-04 06:15:00,0.0,25.7625,23.89,23.1775,24.8625,24.9375
312,2014-01-04 06:30:00,0.0,24.4225,25.7625,23.89,23.1775,24.8625
313,2014-01-04 06:45:00,0.0,26.6525,24.4225,25.7625,23.89,23.1775
314,2014-01-04 07:00:00,0.0,27.5275,26.6525,24.4225,25.7625,23.89
315,2014-01-04 07:15:00,0.0,26.565,27.5275,26.6525,24.4225,25.7625
316,2014-01-04 07:30:00,0.0,25.8675,26.565,27.5275,26.6525,24.4225
317,2014-01-04 07:45:00,0.0,26.2425,25.8675,26.565,27.5275,26.6525
318,2014-01-04 08:00:00,0.0,24.6875,26.2425,25.8675,26.565,27.5275
319,2014-01-04 08:15:00,0.0,26.085,24.6875,26.2425,25.8675,26.565
320,2014-01-04 08:30:00,0.0,24.9975,26.085,24.6875,26.2425,25.8675
321,2014-01-04 08:45:00,0.0,27.33,24.9975,26.085,24.6875,26.2425
322,2014-01-04 09:00:00,0.0,25.37,27.33,24.9975,26.085,24.6875
323,2014-01-04 09:15:00,0.0,24.665,25.37,27.33,24.9975,26.085
324,2014-01-04 09:30:00,0.0,23.9425,24.665,25.37,27.33,24.9975
325,2014-01-04 09:45:00,0.0,26.07,23.9425,24.665,25.37,27.33
326,2014-01-04 10:00:00,0.0,22.735,26.07,23.9425,24.665,25.37
327,2014-01-04 10:15:00,0.0,27.015,22.735,26.07,23.9425,24.665
328,2014-01-04 10:30:00,0.0,25.8025,27.015,22.735,26.07,23.9425
329,2014-01-04 10:45:00,0.0,25.8925,25.8025,27.015,22.735,26.07
330,2014-01-04 11:00:00,0.0,25.635,25.8925,25.8025,27.015,22.735
331,2014-01-04 11:15:00,0.0,24.9975,25.635,25.8925,25.8025,27.015
332,2014-01-04 11:30:00,0.0,23.8675,24.9975,25.635,25.8925,25.8025
333,2014-01-04 11:45:00,0.0,23.5525,23.8675,24.9975,25.635,25.8925
334,2014-01-04 12:00:00,0.0,23.2325,23.5525,23.8675,24.9975,25.635
335,2014-01-04 12:15:00,0.0,24.9425,23.2325,23.5525,23.8675,24.9975
336,2014-01-04 12:30:00,0.0,25.4225,24.9425,23.2325,23.5525,23.8675
337,2014-01-04 12:45:00,0.0,22.805,25.4225,24.9425,23.2325,23.5525
338,2014-01-04 13:00:00,0.0,25.955,22.805,25.4225,24.9425,23.2325
339,2014-01-04 13:15:00,0.0,24.0275,25.955,22.805,25.4225,24.9425
340,2014-01-04 13:30:00,0.0,24.7275,24.0275,25.955,22.805,25.4225
341,2014-01-04 13:45:00,0.0,25.9425,24.7275,24.0275,25.955,22.805
342,2014-01-04 14:00:00,0.0,23.5775,25.9425,24.7275,24.0275,25.955
343,2014-01-04 14:15:00,0.0,24.845,23.5775,25.9425,24.7275,24.0275
344,2014-01-04 14:30:00,0.0,22.7,24.845,23.5775,25.9425,24.7275
345,2014-01-04 14:45:00,0.0,26.2675,22.7,24.845,23.5775,25.9425
346,2014-01-04 15:00:00,0.0,26.755,26.2675,22.7,24.845,23.5775
347,2014-01-04 15:15:00,0.0,23.515,26.755,26.2675,22.7,24.845
348,2014-01-04 15:30:00,0.0,23.165,23.515,26.755,26.2675,22.7
349,2014-01-04 15:45:00,0.0,27.7875,23.165,23.515,26.755,26.2675
350,2014-01-04 16:00:00,0.0,26.3075,27.7875,23.165,23.515,26.755
351,2014-01-04 16:15:00,0.0,24.8575,26.3075,27.7875,23.165,23.515
352,2014-01-04 16:30:00,0.0,25.3375,24.8575,26.3075,27.7875,23.165
353,2014-01-04 16:45:00,0.0,24.8525,25.3375,24.8575,26.3075,27.7875
354,2014-01-04 17:00:00,0.0,25.0025,24.8525,25.3375,24.8575,26.3075
355,2014-01-04 17:15:00,0.0,25.125,25.0025,24.8525,25.3375,24.8575
356,2014-01-04 17:30:00,0.0,25.565,25.125,25.0025,24.8525,25.3375
357,2014-01-04 17:45:00,0.0,26.1325,25.565,25.125,25.0025,24.8525
358,2014-01-04 18:00:00,0.0,26.02,26.1325,25.565,25.125,25.0025
359,2014-01-04 18:15:00,0.0,25.565,26.02,26.1325,25.565,25.125
360,2014-01-04 18:30:00,0.0,25.7325,25.565,26.02,26.1325,25.565
361,2014-01-04 18:45:00,0.0,25.4575,25.7325,25.565,26.02,26.1325
362,2014-01-04 19:00:00,0.0,25.73,25.4575,25.7325,25.565,26.02
363,2014-01-04 19:15:00,0.0,25.825,25.73,25.4575,25.7325,25.565
364,2014-01-04 19:30:00,0.0,25.9675,25.825,25.73,25.4575,25.7325
365,2014-01-04 19:45:00,0.0,27.055,25.9675,25.825,25.73,25.4575
366,2014-01-04 20:00:00,0.0,24.3875,27.055,25.9675,25.825,25.73
367,2014-01-04 20:15:00,0.0,25.3775,24.3875,27.055,25.9675,25.825
368,2014-01-04 20:30:00,0.0,24.9575,25.3775,24.3875,27.055,25.9675
369,2014-01-04 20:45:00,0.0,26.1625,24.9575,25.3775,24.3875,27.055
370,2014-01-04 21:00:00,0.0,25.0675,26.1625,24.9575,25.3775,24.3875
371,2014-01-04 21:15:00,0.0,26.24,25.0675,26.1625,24.9575,25.3775
372,2014-01-04 21:30:00,0.0,25.06,26.24,25.0675,26.1625,24.9575
373,2014-01-04 21:45:00,0.0,26.5975,25.06,26.24,25.0675,26.1625
374,2014-01-04 22:00:00,0.0,25.3625,26.5975,25.06,26.24,25.0675
375,2014-01-04 22:15:00,0.0,23.9575,25.3625,26.5975,25.06,26.24
376,2014-01-04 22:30:00,0.0,24.105,23.9575,25.3625,26.5975,25.06
377,2014-01-04 22:45:00,0.0,24.37,24.105,23.9575,25.3625,26.5975
378,2014-01-04 23:00:00,0.0,25.39,24.37,24.105,23.9575,25.3625
379,2014-01-04 23:15:00,0.0,25.3025,25.39,24.37,24.105,23.9575
380,2014-01-04 23:30:00,0.0,23.9575,25.3025,25.39,24.37,24.105
381,2014-01-04 23:45:00,0.0,24.6725,23.9575,25.3025,25.39,24.37
382,2014-01-05 00:00:00,0.0,22.89,24.6725,23.9575,25.3025,25.39
383,2014-01-05 00:15:00,0.0,22.9875,22.89,24.6725,23.9575,25.3025
384,2014-01-05 00:30:00,0.0,23.8875,22.9875,22.89,24.6725,23.9575
385,2014-01-05 00:45:00,0.0,24.685,23.8875,22.9875,22.89,24.6725
386,2014-01-05 01:00:00,0.0,22.9525,24.685,23.8875,22.9875,22.89
387,2014-01-05 01:15:00,0.0,23.9325,22.9525,24.685,23.8875,22.9875
388,2014-01-05 01:30:00,0.0,24.6375,23.9325,22.9525,24.685,23.8875
389,2014-01-05 01:45:00,0.0,24.7625,24.6375,23.9325,22.9525,24.685
390,2014-01-05 02:00:00,0.0,25.1325,24.7625,24.6375,23.9325,22.9525
391,2014-01-05 02:15:00,0.0,24.5225,25.1325,24.7625,24.6375,23.9325
392,2014-01-05 02:30:00,0.0,24.4425,24.5225,25.1325,24.7625,24.6375
393,2014-01-05 02:45:00,0.0,26.875,24.4425,24.5225,25.1325,24.7625
394,2014-01-05 03:00:00,0.0,23.19,26.875,24.4425,24.5225,25.1325
395,2014-01-05 03:15:00,0.0,25.4025,23.19,26.875,24.4425,24.5225
396,2014-01-05 03:30:00,0.0,22.775,25.4025,23.19,26.875,24.4425
397,2014-01-05 03:45:00,0.0,23.7425,22.775,25.4025,23.19,26.875
398,2014-01-05 04:00:00,0.0,25.23,23.7425,22.775,25.4025,23.19
399,2014-01-05 04:15:00,0.0,25.225,25.23,23.7425,22.775,25.4025
400,2014-01-05 04:30:00,0.0,22.1375,25.225,25.23,23.7425,22.775
401,2014-01-05 04:45:00,0.0,24.42,22.1375,25.225,25.23,23.7425
402,2014-01-05 05:00:00,0.0,25.3525,24.42,22.1375,25.225,25.23
403,2014-01-05 05:15:00,0.0,23.5775,25.3525,24.42,22.1375,25.225
404,2014-01-05 05:30:00,0.0,24.5075,23.5775,25.3525,24.42,22.1375
405,2014-01-05 05:45:00,0.0,27.0725,24.5075,23.5775,25.3525,24.42
406,2014-01-05 06:00:00,0.0,23.5325,27.0725,24.5075,23.5775,25.3525
407,2014-01-05 06:15:00,0.0,26.2625,23.5325,27.0725,24.5075,23.5775
408,2014-01-05 06:30:00,0.0,24.91,26.2625,23.5325,27.0725,24.5075
409,2014-01-05 06:45:00,0.0,25.55,24.91,26.2625,23.5325,27.0725
410,2014-01-05 07:00:00,0.0,26.12,25.55,24.91,26.2625,23.5325
411,2014-01-05 07:15:00,0.0,25.185,26.12,25.55,24.91,26.2625
412,2014-01-05 07:30:00,0.0,26.3725,25.185,26.12,25.55,24.91
413,2014-01-05 07:45:00,0.0,28.3775,26.3725,25.185,26.12,25.55
414,2014-01-05 08:00:00,0.0,25.56,28.3775,26.3725,25.185,26.12
415,2014-01-05 08:15:00,0.0,24.765,25.56,28.3775,26.3725,25.185
416,2014-01-05 08:30:00,0.0,24.4675,24.765,25.56,28.3775,26.3725
417,2014-01-05 08:45:00,0.0,25.675,24.4675,24.765,25.56,28.3775
418,2014-01-05 09:00:00,0.0,25.8225,25.675,24.4675,24.765,25.56
419,2014-01-05 09:15:00,0.0,25.2175,25.8225,25.675,24.4675,24.765
420,2014-01-05 09:30:00,0.0,21.2425,25.2175,25.8225,25.675,24.4675
421,2014-01-05 09:45:00,0.0,24.6,21.2425,25.2175,25.8225,25.675
422,2014-01-05 10:00:00,0.0,23.195,24.6,21.2425,25.2175,25.8225
423,2014-01-05 10:15:00,0.0,23.5175,23.195,24.6,21.2425,25.2175
424,2014-01-05 10:30:00,0.0,25.3425,23.5175,23.195,24.6,21.2425
425,2014-01-05 10:45:00,0.0,25.495,25.3425,23.5175,23.195,24.6
426,2014-01-05 11:00:00,0.0,25.91,25.495,25.3425,23.5175,23.195
427,2014-01-05 11:15:00,0.0,25.2075,25.91,25.495,25.3425,23.5175
428,2014-01-05 11:30:00,0.0,23.2325,25.2075,25.91,25.495,25.3425
429,2014-01-05 11:45:00,0.0,22.97,23.2325,25.2075,25.91,25.495
430,2014-01-05 12:00:00,0.0,25.275,22.97,23.2325,25.2075,25.91
431,2014-01-05 12:15:00,0.0,25.0825,25.275,22.97,23.2325,25.2075
432,2014-01-05 12:30:00,0.0,22.8125,25.0825,25.275,22.97,23.2325
433,2014-01-05 12:45:00,0.0,26.07,22.8125,25.0825,25.275,22.97
434,2014-01-05 13:00:00,0.0,24.76,26.07,22.8125,25.0825,25.275
435,2014-01-05 13:15:00,0.0,24.265,24.76,26.07,22.8125,25.0825
436,2014-01-05 13:30:00,0.0,24.7475,24.265,24.76,26.07,22.8125
437,2014-01-05 13:45:00,0.0,24.84,24.7475,24.265,24.76,26.07
438,2014-01-05 14:00:00,0.0,25.38,24.84,24.7475,24.265,24.76
439,2014-01-05 14:15:00,0.0,25.2525,25.38,24.84,24.7475,24.265
440,2014-01-05 14:30:00,0.0,23.1425,25.2525,25.38,24.84,24.7475
441,2014-01-05 14:45:00,0.0,26.33,23.1425,25.2525,25.38,24.84
442,2014-01-05 15:00:00,0.0,23.765,26.33,23.1425,25.2525,25.38
443,2014-01-05 15:15:00,0.0,25.725,23.765,26.33,23.1425,25.2525
444,2014-01-05 15:30:00,0.0,24.48,25.725,23.765,26.33,23.1425
445,2014-01-05 15:45:00,0.0,22.39,24.48,25.725,23.765,26.33
446,2014-01-05 16:00:00,0.0,26.325,22.39,24.48,25.725,23.765
447,2014-01-05 16:15:00,0.0,24.8375,26.325,22.39,24.48,25.725
448,2014-01-05 16:30:00,0.0,24.7025,24.8375,26.325,22.39,24.48
449,2014-01-05 16:45:00,0.0,25.8025,24.7025,24.8375,26.325,22.39
450,2014-01-05 17:00:00,0.0,24.585,25.8025,24.7025,24.8375,26.325
451,2014-01-05 17:15:00,0.0,25.785,24.585,25.8025,24.7025,24.8375
452,2014-01-05 17:30:00,0.0,24.6675,25.785,24.585,25.8025,24.7025
453,2014-01-05 17:45:00,0.0,27.4775,24.6675,25.785,24.585,25.8025
454,2014-01-05 18:00:00,0.0,26.65,27.4775,24.6675,25.785,24.585
455,2014-01-05 18:15:00,0.0,25.5475,26.65,27.4775,24.6675,25.785
456,2014-01-05 18:30:00,0.0,26.245,25.5475,26.65,27.4775,24.6675
457,2014-01-05 18:45:00,0.0,26.295,26.245,25.5475,26.65,27.4775
458,2014-01-05 19:00:00,0.0,23.2725,26.295,26.245,25.5475,26.65
459,2014-01-05 19:15:00,0.0,24.61,23.2725,26.295,26.245,25.5475
460,2014-01-05 19:30:00,0.0,24.6575,24.61,23.2725,26.295,26.245
461,2014-01-05 19:45:00,0.0,25.735,24.6575,24.61,23.2725,26.295
462,2014-01-05 20:00:00,0.0,24.99,25.735,24.6575,24.61,23.2725
463,2014-01-05 20:15:00,0.0,25.68,24.99,25.735,24.6575,24.61
464,2014-01-05 20:30:00,0.0,25.995,25.68,24.99,25.735,24.6575
465,2014-01-05 20:45:00,0.0,26.4375,25.995,25.68,24.99,25.735
466,2014-01-05 21:00:00,0.0,25.74,26.4375,25.995,25.68,24.99
467,2014-01-05 21:15:00,0.0,24.5725,25.74,26.4375,25.995,25.68
468,2014-01-05 21:30:00,0.0,25.4675,24.5725,25.74,26.4375,25.995
469,2014-01-05 21:45:00,0.0,24.985,25.4675,24.5725,25.74,26.4375
470,2014-01-05 22:00:00,0.0,24.7125,24.985,25.4675,24.5725,25.74
471,2014-01-05 22:15:00,0.0,25.8775,24.7125,24.985,25.4675,24.5725
472,2014-01-05 22:30:00,0.0,25.1425,25.8775,24.7125,24.985,25.4675
473,2014-01-05 22:45:00,0.0,22.3925,25.1425,25.8775,24.7125,24.985
474,2014-01-05 23:00:00,0.0,24.495,22.3925,25.1425,25.8775,24.7125
475,2014-01-05 23:15:00,0.0,23.7875,24.495,22.3925,25.1425,25.8775
476,2014-01-05 23:30:00,0.0,23.715,23.7875,24.495,22.3925,25.1425
477,2014-01-05 23:45:00,0.0,25.2325,23.715,23.7875,24.495,22.3925
478,2014-01-06 00:00:00,0.0,25.0125,25.2325,23.715,23.7875,24.495
479,2014-01-06 00:15:00,0.0,24.3075,25.0125,25.2325,23.715,23.7875
480,2014-01-06 00:30:00,0.0,23.675,24.3075,25.0125,25.2325,23.715
481,2014-01-06 00:45:00,0.0,25.185,23.675,24.3075,25.0125,25.2325
482,2014-01-06 01:00:00,0.0,24.1475,25.185,23.675,24.3075,25.0125
483,2014-01-06 01:15:00,0.0,23.9575,24.1475,25.185,23.675,24.3075
484,2014-01-06 01:30:00,0.0,22.5575,23.9575,24.1475,25.185,23.675
485,2014-01-06 01:45:00,0.0,25.265,22.5575,23.9575,24.1475,25.185
486,2014-01-06 02:00:00,0.0,24.765,25.265,22.5575,23.9575,24.1475
487,2014-01-06 02:15:00,0.0,24.2,24.765,25.265,22.5575,23.9575
488,2014-01-06 02:30:00,0.0,23.2025,24.2,24.765,25.265,22.5575
489,2014-01-06 02:45:00,0.0,25.1025,23.2025,24.2,24.765,25.265
490,2014-01-06 03:00:00,0.0,23.5025,25.1025,23.2025,24.2,24.765
491,2014-01-06 03:15:00,0.0,25.435,23.5025,25.1025,23.2025,24.2
492,2014-01-06 03:30:00,0.0,25.635,25.435,23.5025,25.1025,23.2025
493,2014-01-06 03:45:00,0.0,25.695,25.635,25.435,23.5025,25.1025
494,2014-01-06 04:00:00,0.0,25.14,25.695,25.635,25.435,23.5025
495,2014-01-06 04:15:00,0.0,24.85,25.14,25.695,25.635,25.435
496,2014-01-06 04:30:00,0.0,25.015,24.85,25.14,25.695,25.635
497,2014-01-06 04:45:00,0.0,25.845,25.015,24.85,25.14,25.695
498,2014-01-06 05:00:00,0.0,25.9875,25.845,25.015,24.85,25.14
499,2014-01-06 05:15:00,0.0,25.8725,25.9875,25.845,25.015,24.85
500,2014-01-06 05:30:00,0.0,24.9875,25.8725,25.9875,25.845,25.015
501,2014-01-06 05:45:00,0.0,26.405,24.9875,25.8725,25.9875,25.845
502,2014-01-06 06:00:00,0.0,24.46,26.405,24.9875,25.8725,25.9875
503,2014-01-06 06:15:00,0.0,28.75,24.46,26.405,24.9875,25.8725
504,2014-01-06 06:30:00,0.0,30.2075,28.75,24.46,26.405,24.9875
505,2014-01-06 06:45:00,0.0,33.045,30.2075,28.75,24.46,26.405
506,2014-01-06 07:00:00,0.0,30.2225,33.045,30.2075,28.75,24.46
507,2014-01-06 07:15:00,0.0,27.5,30.2225,33.045,30.2075,28.75
508,2014-01-06 07:30:00,0.0,29.105,27.5,30.2225,33.045,30.2075
509,2014-01-06 07:45:00,0.0,29.53,29.105,27.5,30.2225,33.045
510,2014-01-06 08:00:00,0.0,29.275,29.53,29.105,27.5,30.2225
511,2014-01-06 08:15:00,0.0,27.785,29.275,29.53,29.105,27.5
512,2014-01-06 08:30:00,0.0,30.8325,27.785,29.275,29.53,29.105
513,2014-01-06 08:45:00,0.0,30.725,30.8325,27.785,29.275,29.53
514,2014-01-06 09:00:00,0.0,29.7125,30.725,30.8325,27.785,29.275
515,2014-01-06 09:15:00,0.0,31.115,29.7125,30.725,30.8325,27.785
516,2014-01-06 09:30:00,0.0,32.66,31.115,29.7125,30.725,30.8325
517,2014-01-06 09:45:00,0.0,30.6075,32.66,31.115,29.7125,30.725
518,2014-01-06 10:00:00,0.0,32.9875,30.6075,32.66,31.115,29.7125
519,2014-01-06 10:15:00,0.0,34.0975,32.9875,30.6075,32.66,31.115
520,2014-01-06 10:30:00,0.0,30.9475,34.0975,32.9875,30.6075,32.66
521,2014-01-06 10:45:00,0.0,34.6275,30.9475,34.0975,32.9875,30.6075
522,2014-01-06 11:00:00,0.0,32.4575,34.6275,30.9475,34.0975,32.9875
523,2014-01-06 11:15:00,0.0,33.0525,32.4575,34.6275,30.9475,34.0975
524,2014-01-06 11:30:00,0.0,32.8525,33.0525,32.4575,34.6275,30.9475
525,2014-01-06 11:45:00,0.0,33.9775,32.8525,33.0525,32.4575,34.6275
526,2014-01-06 12:00:00,0.0,32.95,33.9775,32.8525,33.0525,32.4575
527,2014-01-06 12:15:00,0.0,34.1375,32.95,33.9775,32.8525,33.0525
528,2014-01-06 12:30:00,0.0,35.4175,34.1375,32.95,33.9775,32.8525
529,2014-01-06 12:45:00,0.0,34.3875,35.4175,34.1375,32.95,33.9775
530,2014-01-06 13:00:00,0.0,32.0675,34.3875,35.4175,34.1375,32.95
531,2014-01-06 13:15:00,0.0,32.11,32.0675,34.3875,35.4175,34.1375
532,2014-01-06 13:30:00,0.0,32.725,32.11,32.0675,34.3875,35.4175
533,2014-01-06 13:45:00,0.0,33.32,32.725,32.11,32.0675,34.3875
534,2014-01-06 14:00:00,0.0,34.975,33.32,32.725,32.11,32.0675
535,2014-01-06 14:15:00,0.0,35.38,34.975,33.32,32.725,32.11
536,2014-01-06 14:30:00,0.0,33.9125,35.38,34.975,33.32,32.725
537,2014-01-06 14:45:00,0.0,33.9125,33.9125,35.38,34.975,33.32
538,2014-01-06 15:00:00,0.0,34.755,33.9125,33.9125,35.38,34.975
539,2014-01-06 15:15:00,0.0,32.1575,34.755,33.9125,33.9125,35.38
540,2014-01-06 15:30:00,0.0,33.3325,32.1575,34.755,33.9125,33.9125
541,2014-01-06 15:45:00,0.0,33.5,33.3325,32.1575,34.755,33.9125
542,2014-01-06 16:00:00,0.0,33.9525,33.5,33.3325,32.1575,34.755
543,2014-01-06 16:15:00,0.0,33.4375,33.9525,33.5,33.3325,32.1575
544,2014-01-06 16:30:00,0.0,32.2025,33.4375,33.9525,33.5,33.3325
545,2014-01-06 16:45:00,0.0,33.005,32.2025,33.4375,33.9525,33.5
546,2014-01-06 17:00:00,0.0,31.2625,33.005,32.2025,33.4375,33.9525
547,2014-01-06 17:15:00,0.0,32.3275,31.2625,33.005,32.2025,33.4375
548,2014-01-06 17:30:00,0.0,32.4025,32.3275,31.2625,33.005,32.2025
549,2014-01-06 17:45:00,0.0,33.62,32.4025,32.3275,31.2625,33.005
550,2014-01-06 18:00:00,0.0,31.74,33.62,32.4025,32.3275,31.2625
551,2014-01-06 18:15:00,0.0,30.21,31.74,33.62,32.4025,32.3275
552,2014-01-06 18:30:00,0.0,30.03,30.21,31.74,33.62,32.4025
553,2014-01-06 18:45:00,0.0,28.6,30.03,30.21,31.74,33.62
554,2014-01-06 19:00:00,0.0,26.825,28.6,30.03,30.21,31.74
555,2014-01-06 19:15:00,0.0,28.2175,26.825,28.6,30.03,30.21
556,2014-01-06 19:30:00,0.0,28.625,28.2175,26.825,28.6,30.03
557,2014-01-06 19:45:00,0.0,29.22,28.625,28.2175,26.825,28.6
558,2014-01-06 20:00:00,0.0,27.18,29.22,28.625,28.2175,26.825
559,2014-01-06 20:15:00,0.0,29.1,27.18,29.22,28.625,28.2175
560,2014-01-06 20:30:00,0.0,29.385,29.1,27.18,29.22,28.625
561,2014-01-06 20:45:00,0.0,28.3775,29.385,29.1,27.18,29.22
562,2014-01-06 21:00:00,0.0,28.4575,28.3775,29.385,29.1,27.18
563,2014-01-06 21:15:00,0.0,27.5825,28.4575,28.3775,29.385,29.1
564,2014-01-06 21:30:00,0.0,27.18,27.5825,28.4575,28.3775,29.385
565,2014-01-06 21:45:00,0.0,28.08,27.18,27.5825,28.4575,28.3775
566,2014-01-06 22:00:00,0.0,28.015,28.08,27.18,27.5825,28.4575
567,2014-01-06 22:15:00,0.0,26.44,28.015,28.08,27.18,27.5825
568,2014-01-06 22:30:00,0.0,22.8825,26.44,28.015,28.08,27.18
569,2014-01-06 22:45:00,0.0,23.47,22.8825,26.44,28.015,28.08
570,2014-01-06 23:00:00,0.0,22.605,23.47,22.8825,26.44,28.015
571,2014-01-06 23:15:00,0.0,24.22,22.605,23.47,22.8825,26.44
572,2014-01-06 23:30:00,0.0,23.9425,24.22,22.605,23.47,22.8825
573,2014-01-06 23:45:00,0.0,25.1525,23.9425,24.22,22.605,23.47
574,2014-01-07 00:00:00,0.0,26.765,25.1525,23.9425,24.22,22.605
575,2014-01-07 00:15:00,0.0,24.0725,26.765,25.1525,23.9425,24.22
576,2014-01-07 00:30:00,0.0,24.705,24.0725,26.765,25.1525,23.9425
577,2014-01-07 00:45:00,0.0,25.2175,24.705,24.0725,26.765,25.1525
578,2014-01-07 01:00:00,0.0,24.7275,25.2175,24.705,24.0725,26.765
579,2014-01-07 01:15:00,0.0,25.73,24.7275,25.2175,24.705,24.0725
580,2014-01-07 01:30:00,0.0,25.5,25.73,24.7275,25.2175,24.705
581,2014-01-07 01:45:00,0.0,25.4875,25.5,25.73,24.7275,25.2175
582,2014-01-07 02:00:00,0.0,24.935,25.4875,25.5,25.73,24.7275
583,2014-01-07 02:15:00,0.0,24.28,24.935,25.4875,25.5,25.73
584,2014-01-07 02:30:00,0.0,24.7425,24.28,24.935,25.4875,25.5
585,2014-01-07 02:45:00,0.0,26.02,24.7425,24.28,24.935,25.4875
586,2014-01-07 03:00:00,0.0,25.46,26.02,24.7425,24.28,24.935
587,2014-01-07 03:15:00,0.0,23.45,25.46,26.02,24.7425,24.28
588,2014-01-07 03:30:00,0.0,25.66,23.45,25.46,26.02,24.7425
589,2014-01-07 03:45:00,0.0,26.175,25.66,23.45,25.46,26.02
590,2014-01-07 04:00:00,0.0,25.04,26.175,25.66,23.45,25.46
591,2014-01-07 04:15:00,0.0,24.02,25.04,26.175,25.66,23.45
592,2014-01-07 04:30:00,0.0,25.295,24.02,25.04,26.175,25.66
593,2014-01-07 04:45:00,0.0,27.7975,25.295,24.02,25.04,26.175
594,2014-01-07 05:00:00,0.0,26.3225,27.7975,25.295,24.02,25.04
595,2014-01-07 05:15:00,0.0,25.97,26.3225,27.7975,25.295,24.02
596,2014-01-07 05:30:00,0.0,24.0025,25.97,26.3225,27.7975,25.295
597,2014-01-07 05:45:00,0.0,26.9175,24.0025,25.97,26.3225,27.7975
598,2014-01-07 06:00:00,0.0,26.4025,26.9175,24.0025,25.97,26.3225
599,2014-01-07 06:15:00,0.0,30.25,26.4025,26.9175,24.0025,25.97
600,2014-01-07 06:30:00,0.0,33.5825,30.25,26.4025,26.9175,24.0025
601,2014-01-07 06:45:00,0.0,32.26,33.5825,30.25,26.4025,26.9175
602,2014-01-07 07:00:00,0.0,29.195,32.26,33.5825,30.25,26.4025
603,2014-01-07 07:15:00,0.0,30.3975,29.195,32.26,33.5825,30.25
604,2014-01-07 07:30:00,0.0,30.925,30.3975,29.195,32.26,33.5825
605,2014-01-07 07:45:00,0.0,31.0175,30.925,30.3975,29.195,32.26
606,2014-01-07 08:00:00,0.0,33.1675,31.0175,30.925,30.3975,29.195
607,2014-01-07 08:15:00,0.0,30.35,33.1675,31.0175,30.925,30.3975
608,2014-01-07 08:30:00,0.0,31.6425,30.35,33.1675,31.0175,30.925
609,2014-01-07 08:45:00,0.0,29.6675,31.6425,30.35,33.1675,31.0175
610,2014-01-07 09:00:00,0.0,30.9775,29.6675,31.6425,30.35,33.1675
611,2014-01-07 09:15:00,0.0,31.275,30.9775,29.6675,31.6425,30.35
612,2014-01-07 09:30:00,0.0,32.5975,31.275,30.9775,29.6675,31.6425
613,2014-01-07 09:45:00,0.0,31.1875,32.5975,31.275,30.9775,29.6675
614,2014-01-07 10:00:00,0.0,32.9925,31.1875,32.5975,31.275,30.9775
615,2014-01-07 10:15:00,0.0,34.165,32.9925,31.1875,32.5975,31.275
616,2014-01-07 10:30:00,0.0,31.9775,34.165,32.9925,31.1875,32.5975
617,2014-01-07 10:45:00,0.0,35.48,31.9775,34.165,32.9925,31.1875
618,2014-01-07 11:00:00,0.0,33.58,35.48,31.9775,34.165,32.9925
619,2014-01-07 11:15:00,0.0,33.2775,33.58,35.48,31.9775,34.165
620,2014-01-07 11:30:00,0.0,34.1325,33.2775,33.58,35.48,31.9775
621,2014-01-07 11:45:00,0.0,34.29,34.1325,33.2775,33.58,35.48
622,2014-01-07 12:00:00,0.0,34.5575,34.29,34.1325,33.2775,33.58
623,2014-01-07 12:15:00,0.0,34.455,34.5575,34.29,34.1325,33.2775
624,2014-01-07 12:30:00,0.0,34.3775,34.455,34.5575,34.29,34.1325
625,2014-01-07 12:45:00,0.0,34.67,34.3775,34.455,34.5575,34.29
626,2014-01-07 13:00:00,0.0,33.6825,34.67,34.3775,34.455,34.5575
627,2014-01-07 13:15:00,0.0,34.045,33.6825,34.67,34.3775,34.455
628,2014-01-07 13:30:00,0.0,34.38,34.045,33.6825,34.67,34.3775
629,2014-01-07 13:45:00,0.0,29.9725,34.38,34.045,33.6825,34.67
630,2014-01-07 14:00:00,0.0,33.3975,29.9725,34.38,34.045,33.6825
631,2014-01-07 14:15:00,0.0,31.7875,33.3975,29.9725,34.38,34.045
632,2014-01-07 14:30:00,0.0,34.37,31.7875,33.3975,29.9725,34.38
633,2014-01-07 14:45:00,0.0,32.375,34.37,31.7875,33.3975,29.9725
634,2014-01-07 15:00:00,0.0,33.8175,32.375,34.37,31.7875,33.3975
635,2014-01-07 15:15:00,0.0,34.1275,33.8175,32.375,34.37,31.7875
636,2014-01-07 15:30:00,0.0,32.7775,34.1275,33.8175,32.375,34.37
637,2014-01-07 15:45:00,0.0,34.5225,32.7775,34.1275,33.8175,32.375
638,2014-01-07 16:00:00,0.0,32.15,34.5225,32.7775,34.1275,33.8175
639,2014-01-07 16:15:00,0.0,32.755,32.15,34.5225,32.7775,34.1275
640,2014-01-07 16:30:00,0.0,31.6775,32.755,32.15,34.5225,32.7775
641,2014-01-07 16:45:00,0.0,32.2475,31.6775,32.755,32.15,34.5225
642,2014-01-07 17:00:00,0.0,33.8525,32.2475,31.6775,32.755,32.15
643,2014-01-07 17:15:00,0.0,31.135,33.8525,32.2475,31.6775,32.755
644,2014-01-07 17:30:00,0.0,32.13,31.135,33.8525,32.2475,31.6775
645,2014-01-07 17:45:00,0.0,33.2925,32.13,31.135,33.8525,32.2475
646,2014-01-07 18:00:00,0.0,31.295,33.2925,32.13,31.135,33.8525
647,2014-01-07 18:15:00,0.0,30.5125,31.295,33.2925,32.13,31.135
648,2014-01-07 18:30:00,0.0,29.9625,30.5125,31.295,33.2925,32.13
649,2014-01-07 18:45:00,0.0,29.0525,29.9625,30.5125,31.295,33.2925
650,2014-01-07 19:00:00,0.0,29.0875,29.0525,29.9625,30.5125,31.295
651,2014-01-07 19:15:00,0.0,28.965,29.0875,29.0525,29.9625,30.5125
652,2014-01-07 19:30:00,0.0,28.2,28.965,29.0875,29.0525,29.9625
653,2014-01-07 19:45:00,0.0,29.7,28.2,28.965,29.0875,29.0525
654,2014-01-07 20:00:00,0.0,27.95,29.7,28.2,28.965,29.0875
655,2014-01-07 20:15:00,0.0,26.5475,27.95,29.7,28.2,28.965
656,2014-01-07 20:30:00,0.0,27.985,26.5475,27.95,29.7,28.2
657,2014-01-07 20:45:00,0.0,28.4325,27.985,26.5475,27.95,29.7
658,2014-01-07 21:00:00,0.0,27.415,28.4325,27.985,26.5475,27.95
659,2014-01-07 21:15:00,0.0,27.465,27.415,28.4325,27.985,26.5475
660,2014-01-07 21:30:00,0.0,26.485,27.465,27.415,28.4325,27.985
661,2014-01-07 21:45:00,0.0,28.6,26.485,27.465,27.415,28.4325
662,2014-01-07 22:00:00,0.0,26.28,28.6,26.485,27.465,27.415
663,2014-01-07 22:15:00,0.0,25.395,26.28,28.6,26.485,27.465
664,2014-01-07 22:30:00,0.0,24.965,25.395,26.28,28.6,26.485
665,2014-01-07 22:45:00,0.0,24.05,24.965,25.395,26.28,28.6
666,2014-01-07 23:00:00,0.0,26.0925,24.05,24.965,25.395,26.28
667,2014-01-07 23:15:00,0.0,25.835,26.0925,24.05,24.965,25.395
668,2014-01-07 23:30:00,0.0,25.2825,25.835,26.0925,24.05,24.965
669,2014-01-07 23:45:00,0.0,26.5575,25.2825,25.835,26.0925,24.05
670,2014-01-08 00:00:00,0.0,23.9075,26.5575,25.2825,25.835,26.0925
671,2014-01-08 00:15:00,0.0,25.185,23.9075,26.5575,25.2825,25.835
672,2014-01-08 00:30:00,0.0,25.125,25.185,23.9075,26.5575,25.2825
673,2014-01-08 00:45:00,0.0,24.8725,25.125,25.185,23.9075,26.5575
674,2014-01-08 01:00:00,0.0,26.5725,24.8725,25.125,25.185,23.9075
675,2014-01-08 01:15:00,0.0,26.0725,26.5725,24.8725,25.125,25.185
676,2014-01-08 01:30:00,0.0,25.8975,26.0725,26.5725,24.8725,25.125
677,2014-01-08 01:45:00,0.0,25.99,25.8975,26.0725,26.5725,24.8725
678,2014-01-08 02:00:00,0.0,25.79,25.99,25.8975,26.0725,26.5725
679,2014-01-08 02:15:00,0.0,24.9775,25.79,25.99,25.8975,26.0725
680,2014-01-08 02:30:00,0.0,25.6425,24.9775,25.79,25.99,25.8975
681,2014-01-08 02:45:00,0.0,25.5225,25.6425,24.9775,25.79,25.99
682,2014-01-08 03:00:00,0.0,25.95,25.5225,25.6425,24.9775,25.79
683,2014-01-08 03:15:00,0.0,25.6375,25.95,25.5225,25.6425,24.9775
684,2014-01-08 03:30:00,0.0,25.665,25.6375,25.95,25.5225,25.6425
685,2014-01-08 03:45:00,0.0,25.9925,25.665,25.6375,25.95,25.5225
686,2014-01-08 04:00:00,0.0,25.21,25.9925,25.665,25.6375,25.95
687,2014-01-08 04:15:00,0.0,27.025,25.21,25.9925,25.665,25.6375
688,2014-01-08 04:30:00,0.0,27.72,27.025,25.21,25.9925,25.665
689,2014-01-08 04:45:00,0.0,26.9325,27.72,27.025,25.21,25.9925
690,2014-01-08 05:00:00,0.0,26.7475,26.9325,27.72,27.025,25.21
691,2014-01-08 05:15:00,0.0,27.0325,26.7475,26.9325,27.72,27.025
692,2014-01-08 05:30:00,0.0,25.9525,27.0325,26.7475,26.9325,27.72
693,2014-01-08 05:45:00,0.0,26.45,25.9525,27.0325,26.7475,26.9325
694,2014-01-08 06:00:00,0.0,28.3675,26.45,25.9525,27.0325,26.7475
695,2014-01-08 06:15:00,0.0,30.0575,28.3675,26.45,25.9525,27.0325
696,2014-01-08 06:30:00,0.0,31.385,30.0575,28.3675,26.45,25.9525
697,2014-01-08 06:45:00,0.0,30.575,31.385,30.0575,28.3675,26.45
698,2014-01-08 07:00:00,0.0,29.9575,30.575,31.385,30.0575,28.3675
699,2014-01-08 07:15:00,0.0,29.915,29.9575,30.575,31.385,30.0575
700,2014-01-08 07:30:00,0.0,29.8475,29.915,29.9575,30.575,31.385
701,2014-01-08 07:45:00,0.0,30.2825,29.8475,29.915,29.9575,30.575
702,2014-01-08 08:00:00,0.0,28.8025,30.2825,29.8475,29.915,29.9575
703,2014-01-08 08:15:00,0.0,30.4975,28.8025,30.2825,29.8475,29.915
704,2014-01-08 08:30:00,0.0,32.7475,30.4975,28.8025,30.2825,29.8475
705,2014-01-08 08:45:00,0.0,32.0075,32.7475,30.4975,28.8025,30.2825
706,2014-01-08 09:00:00,0.0,30.555,32.0075,32.7475,30.4975,28.8025
707,2014-01-08 09:15:00,0.0,29.495,30.555,32.0075,32.7475,30.4975
708,2014-01-08 09:30:00,0.0,32.425,29.495,30.555,32.0075,32.7475
709,2014-01-08 09:45:00,0.0,32.195,32.425,29.495,30.555,32.0075
710,2014-01-08 10:00:00,0.0,32.7425,32.195,32.425,29.495,30.555
711,2014-01-08 10:15:00,0.0,34.17,32.7425,32.195,32.425,29.495
712,2014-01-08 10:30:00,0.0,34.2975,34.17,32.7425,32.195,32.425
713,2014-01-08 10:45:00,0.0,34.0825,34.2975,34.17,32.7425,32.195
714,2014-01-08 11:00:00,0.0,32.01,34.0825,34.2975,34.17,32.7425
715,2014-01-08 11:15:00,0.0,33.375,32.01,34.0825,34.2975,34.17
716,2014-01-08 11:30:00,0.0,31.875,33.375,32.01,34.0825,34.2975
717,2014-01-08 11:45:00,0.0,36.065,31.875,33.375,32.01,34.0825
718,2014-01-08 12:00:00,0.0,34.225,36.065,31.875,33.375,32.01
719,2014-01-08 12:15:00,0.0,32.7175,34.225,36.065,31.875,33.375
720,2014-01-08 12:30:00,0.0,35.205,32.7175,34.225,36.065,31.875
721,2014-01-08 12:45:00,0.0,34.6025,35.205,32.7175,34.225,36.065
722,2014-01-08 13:00:00,0.0,35.015,34.6025,35.205,32.7175,34.225
723,2014-01-08 13:15:00,0.0,35.045,35.015,34.6025,35.205,32.7175
724,2014-01-08 13:30:00,0.0,35.84,35.045,35.015,34.6025,35.205
725,2014-01-08 13:45:00,0.0,35.45,35.84,35.045,35.015,34.6025
726,2014-01-08 14:00:00,0.0,34.3625,35.45,35.84,35.045,35.015
727,2014-01-08 14:15:00,0.0,34.2375,34.3625,35.45,35.84,35.045
728,2014-01-08 14:30:00,0.0,33.1475,34.2375,34.3625,35.45,35.84
729,2014-01-08 14:45:00,0.0,34.705,33.1475,34.2375,34.3625,35.45
730,2014-01-08 15:00:00,0.0,35.605,34.705,33.1475,34.2375,34.3625
731,2014-01-08 15:15:00,0.0,35.28,35.605,34.705,33.1475,34.2375
732,2014-01-08 15:30:00,0.0,34.165,35.28,35.605,34.705,33.1475
733,2014-01-08 15:45:00,0.0,35.19,34.165,35.28,35.605,34.705
734,2014-01-08 16:00:00,0.0,35.3725,35.19,34.165,35.28,35.605
735,2014-01-08 16:15:00,0.0,33.2225,35.3725,35.19,34.165,35.28
736,2014-01-08 16:30:00,0.0,34.6375,33.2225,35.3725,35.19,34.165
737,2014-01-08 16:45:00,0.0,35.6025,34.6375,33.2225,35.3725,35.19
738,2014-01-08 17:00:00,0.0,34.6825,35.6025,34.6375,33.2225,35.3725
739,2014-01-08 17:15:00,0.0,33.25,34.6825,35.6025,34.6375,33.2225
740,2014-01-08 17:30:00,0.0,34.365,33.25,34.6825,35.6025,34.6375
741,2014-01-08 17:45:00,0.0,31.6975,34.365,33.25,34.6825,35.6025
742,2014-01-08 18:00:00,0.0,32.15,31.6975,34.365,33.25,34.6825
743,2014-01-08 18:15:00,0.0,30.9,32.15,31.6975,34.365,33.25
744,2014-01-08 18:30:00,0.0,31.1575,30.9,32.15,31.6975,34.365
745,2014-01-08 18:45:00,0.0,30.3175,31.1575,30.9,32.15,31.6975
746,2014-01-08 19:00:00,0.0,29.165,30.3175,31.1575,30.9,32.15
747,2014-01-08 19:15:00,0.0,29.1075,29.165,30.3175,31.1575,30.9
748,2014-01-08 19:30:00,0.0,28.475,29.1075,29.165,30.3175,31.1575
749,2014-01-08 19:45:00,0.0,29.9475,28.475,29.1075,29.165,30.3175
750,2014-01-08 20:00:00,0.0,28.935,29.9475,28.475,29.1075,29.165
751,2014-01-08 20:15:00,0.0,29.455,28.935,29.9475,28.475,29.1075
752,2014-01-08 20:30:00,0.0,26.6675,29.455,28.935,29.9475,28.475
753,2014-01-08 20:45:00,0.0,28.1825,26.6675,29.455,28.935,29.9475
754,2014-01-08 21:00:00,0.0,27.3575,28.1825,26.6675,29.455,28.935
755,2014-01-08 21:15:00,0.0,27.2625,27.3575,28.1825,26.6675,29.455
756,2014-01-08 21:30:00,0.0,28.685,27.2625,27.3575,28.1825,26.6675
757,2014-01-08 21:45:00,0.0,29.64,28.685,27.2625,27.3575,28.1825
758,2014-01-08 22:00:00,0.0,27.4175,29.64,28.685,27.2625,27.3575
759,2014-01-08 22:15:00,0.0,25.0875,27.4175,29.64,28.685,27.2625
760,2014-01-08 22:30:00,0.0,24.845,25.0875,27.4175,29.64,28.685
761,2014-01-08 22:45:00,0.0,25.095,24.845,25.0875,27.4175,29.64
762,2014-01-08 23:00:00,0.0,24.9075,25.095,24.845,25.0875,27.4175
763,2014-01-08 23:15:00,0.0,25.9625,24.9075,25.095,24.845,25.0875
764,2014-01-08 23:30:00,0.0,26.04,25.9625,24.9075,25.095,24.845
765,2014-01-08 23:45:00,0.0,26.43,26.04,25.9625,24.9075,25.095
766,2014-01-09 00:00:00,0.0,25.9525,26.43,26.04,25.9625,24.9075
767,2014-01-09 00:15:00,0.0,23.515,25.9525,26.43,26.04,25.9625
768,2014-01-09 00:30:00,0.0,25.815,23.515,25.9525,26.43,26.04
769,2014-01-09 00:45:00,0.0,26.26,25.815,23.515,25.9525,26.43
770,2014-01-09 01:00:00,0.0,26.295,26.26,25.815,23.515,25.9525
771,2014-01-09 01:15:00,0.0,25.395,26.295,26.26,25.815,23.515
772,2014-01-09 01:30:00,0.0,26.1175,25.395,26.295,26.26,25.815
773,2014-01-09 01:45:00,0.0,24.8225,26.1175,25.395,26.295,26.26
774,2014-01-09 02:00:00,0.0,25.78,24.8225,26.1175,25.395,26.295
775,2014-01-09 02:15:00,0.0,26.5275,25.78,24.8225,26.1175,25.395
776,2014-01-09 02:30:00,0.0,25.0875,26.5275,25.78,24.8225,26.1175
777,2014-01-09 02:45:00,0.0,27.175,25.0875,26.5275,25.78,24.8225
778,2014-01-09 03:00:00,0.0,25.45,27.175,25.0875,26.5275,25.78
779,2014-01-09 03:15:00,0.0,24.1825,25.45,27.175,25.0875,26.5275
780,2014-01-09 03:30:00,0.0,26.05,24.1825,25.45,27.175,25.0875
781,2014-01-09 03:45:00,0.0,26.55,26.05,24.1825,25.45,27.175
782,2014-01-09 04:00:00,0.0,27.5025,26.55,26.05,24.1825,25.45
783,2014-01-09 04:15:00,0.0,26.96,27.5025,26.55,26.05,24.1825
784,2014-01-09 04:30:00,0.0,25.755,26.96,27.5025,26.55,26.05
785,2014-01-09 04:45:00,0.0,25.5975,25.755,26.96,27.5025,26.55
786,2014-01-09 05:00:00,0.0,27.3475,25.5975,25.755,26.96,27.5025
787,2014-01-09 05:15:00,0.0,26.2625,27.3475,25.5975,25.755,26.96
788,2014-01-09 05:30:00,0.0,28.345,26.2625,27.3475,25.5975,25.755
789,2014-01-09 05:45:00,0.0,26.4375,28.345,26.2625,27.3475,25.5975
790,2014-01-09 06:00:00,0.0,26.895,26.4375,28.345,26.2625,27.3475
791,2014-01-09 06:15:00,0.0,30.7475,26.895,26.4375,28.345,26.2625
792,2014-01-09 06:30:00,0.0,32.05,30.7475,26.895,26.4375,28.345
793,2014-01-09 06:45:00,0.0,31.78,32.05,30.7475,26.895,26.4375
794,2014-01-09 07:00:00,0.0,31.625,31.78,32.05,30.7475,26.895
795,2014-01-09 07:15:00,0.0,31.2575,31.625,31.78,32.05,30.7475
796,2014-01-09 07:30:00,0.0,30.81,31.2575,31.625,31.78,32.05
797,2014-01-09 07:45:00,0.0,31.965,30.81,31.2575,31.625,31.78
798,2014-01-09 08:00:00,0.0,29.7825,31.965,30.81,31.2575,31.625
799,2014-01-09 08:15:00,0.0,30.99,29.7825,31.965,30.81,31.2575
800,2014-01-09 08:30:00,30.72041463654799,29.0775,30.99,29.7825,31.965,30.81
801,2014-01-09 08:45:00,29.745568219440024,31.2975,29.0775,30.99,29.7825,31.965
802,2014-01-09 09:00:00,30.49872679092198,32.2925,31.2975,29.0775,30.99,29.7825
803,2014-01-09 09:15:00,31.267675212720924,30.5875,32.2925,31.2975,29.0775,30.99
804,2014-01-09 09:30:00,30.800578466091785,31.59,30.5875,32.2925,31.2975,29.0775
805,2014-01-09 09:45:00,31.28416012790178,30.285,31.59,30.5875,32.2925,31.2975
806,2014-01-09 10:00:00,30.638816483500523,30.4175,30.285,31.59,30.5875,32.2925
807,2014-01-09 10:15:00,30.457154447129295,31.5925,30.4175,30.285,31.59,30.5875
808,2014-01-09 10:30:00,30.96045743409655,33.87,31.5925,30.4175,30.285,31.59
809,2014-01-09 10:45:00,32.28921180454559,34.7425,33.87,31.5925,30.4175,30.285
810,2014-01-09 11:00:00,33.404117644687105,33.115,34.7425,33.87,31.5925,30.4175
811,2014-01-09 11:15:00,33.200132000733724,31.28,33.115,34.7425,33.87,31.5925
812,2014-01-09 11:30:00,32.234951484737906,33.94,31.28,33.115,34.7425,33.87
813,2014-01-09 11:45:00,33.025927169933695,34.3225,33.94,31.28,33.115,34.7425
814,2014-01-09 12:00:00,33.36527875004303,34.3025,34.3225,33.94,31.28,33.115
815,2014-01-09 12:15:00,33.705938089476106,34.9525,34.3025,34.3225,33.94,31.28
816,2014-01-09 12:30:00,34.30039068688956,35.4525,34.9525,34.3025,34.3225,33.94
817,2014-01-09 12:45:00,34.71842319905666,32.9675,35.4525,34.9525,34.3025,34.3225
818,2014-01-09 13:00:00,33.65223445118174,35.5925,32.9675,35.4525,34.9525,34.3025
819,2014-01-09 13:15:00,34.6030678166497,34.1425,35.5925,32.9675,35.4525,34.9525
820,2014-01-09 13:30:00,34.06282256765468,30.8675,34.1425,35.5925,32.9675,35.4525
821,2014-01-09 13:45:00,32.30079669851954,36.0475,30.8675,34.1425,35.5925,32.9675
822,2014-01-09 14:00:00,34.24288823540975,35.31,36.0475,30.8675,34.1425,35.5925
823,2014-01-09 14:15:00,34.3261685196034,33.9125,35.31,36.0475,30.8675,34.1425
824,2014-01-09 14:30:00,34.00860777889412,35.995,33.9125,35.31,36.0475,30.8675
825,2014-01-09 14:45:00,35.06927235229277,34.755,35.995,33.9125,35.31,36.0475
826,2014-01-09 15:00:00,34.59588663843648,33.9675,34.755,35.995,33.9125,35.31
827,2014-01-09 15:15:00,34.149433511258096,33.1025,33.9675,34.755,35.995,33.9125
828,2014-01-09 15:30:00,33.51187656031806,34.85,33.1025,33.9675,34.755,35.995
829,2014-01-09 15:45:00,34.005438526239686,31.9325,34.85,33.1025,33.9675,34.755
830,2014-01-09 16:00:00,32.68353286277154,31.5825,31.9325,34.85,33.1025,33.9675
831,2014-01-09 16:15:00,32.09950925231412,34.0775,31.5825,31.9325,34.85,33.1025
832,2014-01-09 16:30:00,32.983874556287425,30.67,34.0775,31.5825,31.9325,34.85
833,2014-01-09 16:45:00,31.482116942007934,32.5625,30.67,34.0775,31.5825,31.9325
834,2014-01-09 17:00:00,32.09826237768898,33.04,32.5625,30.67,34.0775,31.5825
835,2014-01-09 17:15:00,32.40190013327454,31.8,33.04,32.5625,30.67,34.0775
836,2014-01-09 17:30:00,31.897136793620327,35.045,31.8,33.04,32.5625,30.67
837,2014-01-09 17:45:00,33.51816979975136,31.98,35.045,31.8,33.04,32.5625
838,2014-01-09 18:00:00,32.47384805059093,30.35,31.98,35.045,31.8,33.04
839,2014-01-09 18:15:00,31.4084628747284,28.6675,30.35,31.98,35.045,31.8
840,2014-01-09 18:30:00,29.98359657536092,28.24,28.6675,30.35,31.98,35.045
841,2014-01-09 18:45:00,28.921619227369494,31.0225,28.24,28.6675,30.35,31.98
842,2014-01-09 19:00:00,29.86610666868744,31.56,31.0225,28.24,28.6675,30.35
843,2014-01-09 19:15:00,30.52490135809401,29.8875,31.56,31.0225,28.24,28.6675
844,2014-01-09 19:30:00,30.181808604750604,30.09,29.8875,31.56,31.0225,28.24
845,2014-01-09 19:45:00,30.235865381500634,28.7325,30.09,29.8875,31.56,31.0225
846,2014-01-09 20:00:00,29.365994770512412,27.805,28.7325,30.09,29.8875,31.56
847,2014-01-09 20:15:00,28.509658437355707,28.7575,27.805,28.7325,30.09,29.8875
848,2014-01-09 20:30:00,28.607352655640636,30.84,28.7575,27.805,28.7325,30.09
849,2014-01-09 20:45:00,29.621005219663708,30.225,30.84,28.7575,27.805,28.7325
850,2014-01-09 21:00:00,29.8177834718518,29.8,30.225,30.84,28.7575,27.805
851,2014-01-09 21:15:00,29.87000262566198,27.6325,29.8,30.225,30.84,28.7575
852,2014-01-09 21:30:00,28.739623921403595,28.16,27.6325,29.8,30.225,30.84
853,2014-01-09 21:45:00,28.44241883897774,29.17,28.16,27.6325,29.8,30.225
854,2014-01-09 22:00:00,28.698747435139154,27.9175,29.17,28.16,27.6325,29.8
855,2014-01-09 22:15:00,28.183023549325465,26.55,27.9175,29.17,28.16,27.6325
856,2014-01-09 22:30:00,27.42042666238056,25.91,26.55,27.9175,29.17,28.16
857,2014-01-09 22:45:00,26.69132078309232,25.4375,25.91,26.55,27.9175,29.17
858,2014-01-09 23:00:00,26.00597763850077,23.89,25.4375,25.91,26.55,27.9175
859,2014-01-09 23:15:00,24.910349031984513,25.575,23.89,25.4375,25.91,26.55
860,2014-01-09 23:30:00,25.325013520070886,24.485,25.575,23.89,25.4375,25.91
861,2014-01-09 23:45:00,24.84252546124294,24.1325,24.485,25.575,23.89,25.4375
862,2014-01-10 00:00:00,24.576276387512525,26.295,24.1325,24.485,25.575,23.89
863,2014-01-10 00:15:00,25.569517969322206,25.9125,26.295,24.1325,24.485,25.575
864,2014-01-10 00:30:00,25.686258300414757,24.2,25.9125,26.295,24.1325,24.485
865,2014-01-10 00:45:00,25.039894582381354,26.605,24.2,25.9125,26.295,24.1325
866,2014-01-10 01:00:00,26.02008772752618,24.465,26.605,24.2,25.9125,26.295
867,2014-01-10 01:15:00,25.132680546451194,26.145,24.465,26.605,24.2,25.9125
868,2014-01-10 01:30:00,25.78507861325913,25.665,26.145,24.465,26.605,24.2
869,2014-01-10 01:45:00,25.745015370414887,24.8125,25.665,26.145,24.465,26.605
870,2014-01-10 02:00:00,25.303790264064677,26.1425,24.8125,25.665,26.145,24.465
871,2014-01-10 02:15:00,25.86150646313781,25.1525,26.1425,24.8125,25.665,26.145
872,2014-01-10 02:30:00,25.46345956542737,24.06,25.1525,26.1425,24.8125,25.665
873,2014-01-10 02:45:00,24.838705659618196,26.5625,24.06,25.1525,26.1425,24.8125
874,2014-01-10 03:00:00,25.83905254015117,25.78,26.5625,24.06,25.1525,26.1425
875,2014-01-10 03:15:00,25.715069958310465,26.7775,25.78,26.5625,24.06,25.1525
876,2014-01-10 03:30:00,26.365650394061635,27.8375,26.7775,25.78,26.5625,24.06
877,2014-01-10 03:45:00,27.18884734870443,27.6975,27.8375,26.7775,25.78,26.5625
878,2014-01-10 04:00:00,27.433044063899246,25.585,27.6975,27.8375,26.7775,25.78
879,2014-01-10 04:15:00,26.56643528005953,24.6125,25.585,27.6975,27.8375,26.7775
880,2014-01-10 04:30:00,25.68861166818731,25.3575,24.6125,25.585,27.6975,27.8375
881,2014-01-10 04:45:00,25.52678104404608,26.515,25.3575,24.6125,25.585,27.6975
882,2014-01-10 05:00:00,25.958542355358862,27.5025,26.515,25.3575,24.6125,25.585
883,2014-01-10 05:15:00,26.745381211948583,27.5275,27.5025,26.515,25.3575,24.6125
884,2014-01-10 05:30:00,27.202463247166428,26.4925,27.5275,27.5025,26.515,25.3575
885,2014-01-10 05:45:00,26.922261072913468,26.6475,26.4925,27.5275,27.5025,26.515
886,2014-01-10 06:00:00,26.86592163937042,27.7925,26.6475,26.4925,27.5275,27.5025
887,2014-01-10 06:15:00,27.32455082151085,29.905,27.7925,26.6475,26.4925,27.5275
888,2014-01-10 06:30:00,28.587197879294575,33.155,29.905,27.7925,26.6475,26.4925
889,2014-01-10 06:45:00,30.879960937346684,33.2525,33.155,29.905,27.7925,26.6475
890,2014-01-10 07:00:00,32.02648953291188,31.4225,33.2525,33.155,29.905,27.7925
891,2014-01-10 07:15:00,31.781224903113564,32.9,31.4225,33.2525,33.155,29.905
892,2014-01-10 07:30:00,32.42201646954811,30.235,32.9,31.4225,33.2525,33.155
893,2014-01-10 07:45:00,31.091516683766773,32.82,30.235,32.9,31.4225,33.2525
894,2014-01-10 08:00:00,31.943416645438653,31.7275,32.82,30.235,32.9,31.4225
895,2014-01-10 08:15:00,31.625585848500215,31.7175,31.7275,32.82,30.235,32.9
896,2014-01-10 08:30:00,31.58693037229759,32.1625,31.7175,31.7275,32.82,30.235
897,2014-01-10 08:45:00,31.843459255785177,33.01,32.1625,31.7175,31.7275,32.82
898,2014-01-10 09:00:00,32.28310705296786,33.4225,33.01,32.1625,31.7175,31.7275
899,2014-01-10 09:15:00,32.73947045432004,33.6275,33.4225,33.01,32.1625,31.7175
900,2014-01-10 09:30:00,33.096865454531695,32.465,33.6275,33.4225,33.01,32.1625
901,2014-01-10 09:45:00,32.675566008748305,32.86,32.465,33.6275,33.4225,33.01
902,2014-01-10 10:00:00,32.69852971789913,36.475,32.86,32.465,33.6275,33.4225
903,2014-01-10 10:15:00,34.46400968485423,34.5225,36.475,32.86,32.465,33.6275
904,2014-01-10 10:30:00,34.19236590477726,34.84,34.5225,36.475,32.86,32.465
905,2014-01-10 10:45:00,34.539612371566776,34.46,34.84,34.5225,36.475,32.86
906,2014-01-10 11:00:00,34.38924383761757,34.255,34.46,34.84,34.5225,36.475
907,2014-01-10 11:15:00,34.10256657967557,33.5225,34.255,34.46,34.84,34.5225
908,2014-01-10 11:30:00,33.650914504720674,34.3025,33.5225,34.255,34.46,34.84
909,2014-01-10 11:45:00,33.835112511262224,35.1525,34.3025,33.5225,34.255,34.46
910,2014-01-10 12:00:00,34.302703729570595,35.365,35.1525,34.3025,33.5225,34.255
911,2014-01-10 12:15:00,34.65326274595296,33.99,35.365,35.1525,34.3025,33.5225
912,2014-01-10 12:30:00,34.18770241213059,35.09,33.99,35.365,35.1525,34.3025
913,2014-01-10 12:45:00,34.56181788311727,34.955,35.09,33.99,35.365,35.1525
914,2014-01-10 13:00:00,34.52534581519289,36.265,34.955,35.09,33.99,35.365
915,2014-01-10 13:15:00,35.23086271503563,30.9525,36.265,34.955,35.09,33.99
916,2014-01-10 13:30:00,32.85369009181879,36.3475,30.9525,36.265,34.955,35.09
917,2014-01-10 13:45:00,34.694502031202276,35.6525,36.3475,30.9525,36.265,34.955
918,2014-01-10 14:00:00,34.742232682331974,36.26,35.6525,36.3475,30.9525,36.265
919,2014-01-10 14:15:00,35.333356981786665,31.645,36.26,35.6525,36.3475,30.9525
920,2014-01-10 14:30:00,33.412901052585,34.67,31.645,36.26,35.6525,36.3475
921,2014-01-10 14:45:00,34.0352285285348,33.7425,34.67,31.645,36.26,35.6525
922,2014-01-10 15:00:00,33.52273775288704,34.5275,33.7425,34.67,31.645,36.26
923,2014-01-10 15:15:00,33.84167543869164,32.69,34.5275,33.7425,34.67,31.645
924,2014-01-10 15:30:00,33.15751485849593,36.0525,32.69,34.5275,33.7425,34.67
925,2014-01-10 15:45:00,34.542237358447835,37.3525,36.0525,32.69,34.5275,33.7425
926,2014-01-10 16:00:00,35.684613570096815,33.595,37.3525,36.0525,32.69,34.5275
927,2014-01-10 16:15:00,34.41563698858478,34.335,33.595,37.3525,36.0525,32.69
928,2014-01-10 16:30:00,34.472470019599655,32.3375,34.335,33.595,37.3525,36.0525
929,2014-01-10 16:45:00,33.122822962334126,35.44,32.3375,34.335,33.595,37.3525
930,2014-01-10 17:00:00,34.11409428405581,32.8225,35.44,32.3375,34.335,33.595
931,2014-01-10 17:15:00,33.17134479107449,34.69,32.8225,35.44,32.3375,34.335
932,2014-01-10 17:30:00,33.906117112352504,30.78,34.69,32.8225,35.44,32.3375
933,2014-01-10 17:45:00,32.13199241755254,32.2225,30.78,34.69,32.8225,35.44
934,2014-01-10 18:00:00,32.13916390414306,30.875,32.2225,30.78,34.69,32.8225
935,2014-01-10 18:15:00,31.288974209517217,28.5375,30.875,32.2225,30.78,34.69
936,2014-01-10 18:30:00,29.732821688310477,29.4575,28.5375,30.875,32.2225,30.78
937,2014-01-10 18:45:00,29.617286908727927,29.8275,29.4575,28.5375,30.875,32.2225
938,2014-01-10 19:00:00,29.530303013202587,29.6175,29.8275,29.4575,28.5375,30.875
939,2014-01-10 19:15:00,29.461539426757966,26.9025,29.6175,29.8275,29.4575,28.5375
940,2014-01-10 19:30:00,28.15900041845116,26.095,26.9025,29.6175,29.8275,29.4575
941,2014-01-10 19:45:00,27.175066746090973,27.255,26.095,26.9025,29.6175,29.8275
942,2014-01-10 20:00:00,27.16069210051704,27.83,27.255,26.095,26.9025,29.6175
943,2014-01-10 20:15:00,27.36022320316027,26.6725,27.83,27.255,26.095,26.9025
944,2014-01-10 20:30:00,27.00631514495547,29.175,26.6725,27.83,27.255,26.095
945,2014-01-10 20:45:00,28.223248892729472,28.2075,29.175,26.6725,27.83,27.255
946,2014-01-10 21:00:00,28.116323896819864,25.87,28.2075,29.175,26.6725,27.83
947,2014-01-10 21:15:00,27.018520409840185,27.1475,25.87,28.2075,29.175,26.6725
948,2014-01-10 21:30:00,27.227267341381914,26.725,27.1475,25.87,28.2075,29.175
949,2014-01-10 21:45:00,26.839457388313175,26.635,26.725,27.1475,25.87,28.2075
950,2014-01-10 22:00:00,26.722036424866452,26.865,26.635,26.725,27.1475,25.87
951,2014-01-10 22:15:00,26.854452692419358,26.5725,26.865,26.635,26.725,27.1475
952,2014-01-10 22:30:00,26.706141507241018,23.7975,26.5725,26.865,26.635,26.725
953,2014-01-10 22:45:00,25.255362575124614,24.51,23.7975,26.5725,26.865,26.635
954,2014-01-10 23:00:00,25.012113829881127,23.3825,24.51,23.7975,26.5725,26.865
955,2014-01-10 23:15:00,24.130350323485935,24.8725,23.3825,24.51,23.7975,26.5725
956,2014-01-10 23:30:00,24.55133007507089,23.9975,24.8725,23.3825,24.51,23.7975
957,2014-01-10 23:45:00,24.295483497797935,25.1975,23.9975,24.8725,23.3825,24.51
958,2014-01-11 00:00:00,24.87005482806674,25.985,25.1975,23.9975,24.8725,23.3825
959,2014-01-11 00:15:00,25.503137287564282,24.865,25.985,25.1975,23.9975,24.8725
960,2014-01-11 00:30:00,25.213769968911595,24.21,24.865,25.985,25.1975,23.9975
961,2014-01-11 00:45:00,24.860755366378477,24.795,24.21,24.865,25.985,25.1975
962,2014-01-11 01:00:00,24.90998143368132,24.825,24.795,24.21,24.865,25.985
963,2014-01-11 01:15:00,24.8585699587534,23.775,24.825,24.795,24.21,24.865
964,2014-01-11 01:30:00,24.36816830712247,25.8,23.775,24.825,24.795,24.21
965,2014-01-11 01:45:00,25.234008165644237,25.2225,25.8,23.775,24.825,24.795
966,2014-01-11 02:00:00,25.200983371929826,23.865,25.2225,25.8,23.775,24.825
967,2014-01-11 02:15:00,24.619693935613594,24.105,23.865,25.2225,25.8,23.775
968,2014-01-11 02:30:00,24.52641184541217,24.1975,24.105,23.865,25.2225,25.8
969,2014-01-11 02:45:00,24.367801349348902,24.715,24.1975,24.105,23.865,25.2225
970,2014-01-11 03:00:00,24.583383866732856,24.4175,24.715,24.1975,24.105,23.865
971,2014-01-11 03:15:00,24.57250363809205,25.3875,24.4175,24.715,24.1975,24.105
972,2014-01-11 03:30:00,25.093829634412,24.655,25.3875,24.4175,24.715,24.1975
973,2014-01-11 03:45:00,24.916082306957595,23.57,24.655,25.3875,24.4175,24.715
974,2014-01-11 04:00:00,24.33614802420654,24.165,23.57,24.655,25.3875,24.4175
975,2014-01-11 04:15:00,24.37509634627783,24.5925,24.165,23.57,24.655,25.3875
976,2014-01-11 04:30:00,24.49222101969895,24.42,24.5925,24.165,23.57,24.655
977,2014-01-11 04:45:00,24.5015172390028,27.025,24.42,24.5925,24.165,23.57
978,2014-01-11 05:00:00,25.909774354985576,24.9225,27.025,24.42,24.5925,24.165
979,2014-01-11 05:15:00,25.38583224977777,23.72,24.9225,27.025,24.42,24.5925
980,2014-01-11 05:30:00,24.72357581621068,23.7125,23.72,24.9225,27.025,24.42
981,2014-01-11 05:45:00,24.344115242521656,22.8875,23.7125,23.72,24.9225,27.025
982,2014-01-11 06:00:00,23.570301405227184,25.6525,22.8875,23.7125,23.72,24.9225
983,2014-01-11 06:15:00,24.71653635890566,24.2725,25.6525,22.8875,23.7125,23.72
984,2014-01-11 06:30:00,24.460016440156163,27.955,24.2725,25.6525,22.8875,23.7125
985,2014-01-11 06:45:00,26.419806714710212,27.3075,27.955,24.2725,25.6525,22.8875
986,2014-01-11 07:00:00,26.858749604147892,27.5175,27.3075,27.955,24.2725,25.6525
987,2014-01-11 07:15:00,27.296164402661695,26.5725,27.5175,27.3075,27.955,24.2725
988,2014-01-11 07:30:00,27.04274229175621,26.175,26.5725,27.5175,27.3075,27.955
989,2014-01-11 07:45:00,26.62439856505668,28.0225,26.175,26.5725,27.5175,27.3075
990,2014-01-11 08:00:00,27.3550488269238,26.3275,28.0225,26.175,26.5725,27.5175
991,2014-01-11 08:15:00,26.739370161050044,26.505,26.3275,28.0225,26.175,26.5725
992,2014-01-11 08:30:00,26.732334297269727,24.63,26.505,26.3275,28.0225,26.175
993,2014-01-11 08:45:00,25.691116740229848,26.625,24.63,26.505,26.3275,28.0225
994,2014-01-11 09:00:00,26.214834303174136,24.625,26.625,24.63,26.505,26.3275
995,2014-01-11 09:15:00,25.331603034420084,26.755,24.625,26.625,24.63,26.505
996,2014-01-11 09:30:00,26.166866537025086,26.41,26.755,24.625,26.625,24.63
997,2014-01-11 09:45:00,26.279718632246375,28.2,26.41,26.755,24.625,26.625
998,2014-01-11 10:00:00,27.29827967929301,25.3625,28.2,26.41,26.755,24.625
999,2014-01-11 10:15:00,26.33394588096245,24.335,25.3625,28.2,26.41,26.755
